-- phpMyAdmin SQL Dump
-- version 5.2.0
-- https://www.phpmyadmin.net/
--
-- Počítač: 127.0.0.1
-- Vytvořeno: Sob 16. bře 2024, 17:32
-- Verze serveru: 10.4.27-MariaDB-log
-- Verze PHP: 8.2.0

SET SQL_MODE = "NO_AUTO_VALUE_ON_ZERO";
START TRANSACTION;
SET time_zone = "+00:00";


/*!40101 SET @OLD_CHARACTER_SET_CLIENT=@@CHARACTER_SET_CLIENT */;
/*!40101 SET @OLD_CHARACTER_SET_RESULTS=@@CHARACTER_SET_RESULTS */;
/*!40101 SET @OLD_COLLATION_CONNECTION=@@COLLATION_CONNECTION */;
/*!40101 SET NAMES utf8mb4 */;

--
-- Databáze: `bachelor_forum`
--

-- --------------------------------------------------------

--
-- Struktura tabulky `post`
--

CREATE TABLE `post` (
  `post_id` int(11) NOT NULL,
  `title` varchar(128) NOT NULL,
  `description` text NOT NULL,
  `name` varchar(32) NOT NULL,
  `date` datetime NOT NULL DEFAULT current_timestamp()
) ENGINE=InnoDB DEFAULT CHARSET=utf8mb4 COLLATE=utf8mb4_unicode_520_ci;

--
-- Vypisuji data pro tabulku `post`
--

INSERT INTO `post` (`post_id`, `title`, `description`, `name`, `date`) VALUES
(1, 'Why are crouches all around my place in London?', 'I have a little problem, I have bought new appartment but there are crouches all around the place. How may I get rid of these? If any way.', 'Tobias Rolls', '2024-01-11 10:29:04'),
(2, 'Jsem totálně mimo?', 'Dnes jsem na ulici viděl běžet dvě veverky a jedna měla 4 nohy, je to normální?', 'Tyler Durden Noc', '2024-01-11 10:29:04'),
(3, 'Mašík Pašík papá pašťiku.', 'Není to otázka, ale to nevadí.', 'GDSF', '2024-01-11 15:19:08');

-- --------------------------------------------------------

--
-- Struktura tabulky `post_reply`
--

CREATE TABLE `post_reply` (
  `post_reply_id` int(11) NOT NULL,
  `post_id` int(11) NOT NULL,
  `reply` text NOT NULL,
  `name` varchar(32) NOT NULL,
  `date` datetime NOT NULL DEFAULT current_timestamp()
) ENGINE=InnoDB DEFAULT CHARSET=utf8mb4 COLLATE=utf8mb4_unicode_520_ci;

--
-- Vypisuji data pro tabulku `post_reply`
--

INSERT INTO `post_reply` (`post_reply_id`, `post_id`, `reply`, `name`, `date`) VALUES
(1, 1, 'I would recommand using a spray, anti-bug spray I mean :)', 'Alegor Tuty', '2024-01-11 10:54:57'),
(2, 1, 'IDK bro, will have to check it out.', 'YoloMOl8', '2024-01-11 16:51:54'),
(3, 1, 'Try me bro', '111T', '2024-01-11 16:56:21'),
(4, 1, 'asdfasdf', 'asdfasdf', '2024-01-11 16:57:02'),
(5, 1, 'asdfasdf', 'asdfasdf', '2024-01-11 16:57:20'),
(6, 1, 'sadfasdfasdf', 'sadfasdfasdf', '2024-01-11 16:57:46'),
(7, 3, 'Hulvát', 'jsi', '2024-01-19 18:36:45'),
(8, 3, 'fff', 'fdadsasf', '2024-01-19 18:38:18'),
(9, 1, 'Yes, nice Quasar SPA is running now.', 'Main Dev', '2024-02-20 12:57:46');

-- --------------------------------------------------------

--
-- Struktura tabulky `post_view`
--

CREATE TABLE `post_view` (
  `post_view_id` int(11) NOT NULL,
  `post_id` int(11) NOT NULL,
  `date` datetime NOT NULL DEFAULT current_timestamp()
) ENGINE=InnoDB DEFAULT CHARSET=utf8mb4 COLLATE=utf8mb4_unicode_520_ci;

--
-- Vypisuji data pro tabulku `post_view`
--

INSERT INTO `post_view` (`post_view_id`, `post_id`, `date`) VALUES
(1, 2, '2024-01-11 10:55:25'),
(2, 2, '2024-01-10 10:55:05'),
(3, 1, '2024-01-19 18:12:49'),
(4, 1, '2024-01-19 18:12:54'),
(5, 1, '2024-01-19 18:13:21'),
(6, 1, '2024-01-19 18:13:30'),
(7, 1, '2024-01-19 18:13:32'),
(8, 1, '2024-01-19 18:15:03'),
(9, 1, '2024-01-19 18:15:11'),
(10, 1, '2024-01-19 18:15:51'),
(11, 1, '2024-01-19 18:16:32'),
(12, 1, '2024-01-19 18:16:58'),
(13, 1, '2024-01-19 18:18:08'),
(14, 1, '2024-01-19 18:18:57'),
(15, 3, '2024-01-19 18:19:27'),
(16, 1, '2024-01-19 18:33:36'),
(17, 3, '2024-01-19 18:36:37'),
(18, 3, '2024-01-19 18:38:14'),
(19, 1, '2024-01-28 11:06:43'),
(20, 2, '2024-02-20 12:30:04'),
(21, 2, '2024-02-20 12:30:25'),
(22, 1, '2024-02-20 12:57:16'),
(23, 1, '2024-02-20 12:57:58'),
(24, 2, '2024-02-20 13:07:40'),
(25, 2, '2024-02-20 13:21:06'),
(26, 2, '2024-02-20 13:21:55'),
(27, 2, '2024-02-20 13:22:00'),
(28, 2, '2024-02-20 13:22:04'),
(29, 2, '2024-02-20 13:22:58'),
(30, 2, '2024-02-20 13:30:33'),
(31, 2, '2024-02-20 13:30:49'),
(32, 2, '2024-02-20 13:33:29'),
(33, 2, '2024-02-20 13:33:37'),
(34, 2, '2024-02-20 13:33:59'),
(35, 2, '2024-02-20 13:38:33'),
(36, 2, '2024-02-20 13:38:40'),
(37, 2, '2024-02-20 13:39:00'),
(38, 2, '2024-02-20 13:44:35'),
(39, 2, '2024-02-20 13:46:57'),
(40, 2, '2024-02-20 13:47:06'),
(41, 2, '2024-02-20 13:47:39'),
(42, 2, '2024-02-20 13:51:27'),
(43, 2, '2024-02-20 15:05:24'),
(44, 2, '2024-02-20 15:09:59'),
(45, 2, '2024-02-20 15:11:23'),
(46, 2, '2024-02-20 15:12:21'),
(47, 2, '2024-02-20 15:12:24'),
(48, 2, '2024-02-20 15:15:33'),
(49, 2, '2024-02-20 15:18:18'),
(50, 2, '2024-02-20 15:20:04'),
(51, 2, '2024-02-20 15:22:32'),
(52, 2, '2024-02-20 15:23:17'),
(53, 2, '2024-03-02 14:35:48'),
(54, 2, '2024-03-02 15:08:57'),
(55, 2, '2024-03-02 15:11:56'),
(56, 2, '2024-03-02 15:12:27'),
(57, 2, '2024-03-02 15:12:37'),
(58, 2, '2024-03-02 15:12:59'),
(59, 2, '2024-03-02 15:13:07'),
(60, 3, '2024-03-09 19:00:28'),
(61, 3, '2024-03-09 19:01:46'),
(62, 1, '2024-03-11 09:00:19'),
(63, 1, '2024-03-11 09:00:25'),
(64, 1, '2024-03-11 09:00:30'),
(65, 1, '2024-03-11 09:00:35'),
(66, 1, '2024-03-11 09:00:40'),
(67, 1, '2024-03-11 09:00:46'),
(68, 1, '2024-03-11 09:00:51'),
(69, 1, '2024-03-11 09:00:56'),
(70, 1, '2024-03-11 09:01:01'),
(71, 1, '2024-03-11 09:01:06'),
(72, 1, '2024-03-11 09:01:12'),
(73, 1, '2024-03-11 09:01:17'),
(74, 1, '2024-03-11 09:01:22'),
(75, 1, '2024-03-11 09:01:27'),
(76, 1, '2024-03-11 09:01:33'),
(77, 1, '2024-03-11 09:01:38'),
(78, 1, '2024-03-11 09:01:43'),
(79, 1, '2024-03-11 09:01:48'),
(80, 1, '2024-03-11 09:01:54'),
(81, 1, '2024-03-11 09:01:59'),
(82, 1, '2024-03-11 09:06:48'),
(83, 1, '2024-03-11 09:06:55'),
(84, 1, '2024-03-11 09:07:03'),
(85, 1, '2024-03-11 09:07:10'),
(86, 1, '2024-03-11 09:07:17'),
(87, 1, '2024-03-11 09:07:25'),
(88, 1, '2024-03-11 09:07:32'),
(89, 1, '2024-03-11 09:07:39'),
(90, 1, '2024-03-11 09:07:46'),
(91, 1, '2024-03-11 09:07:54'),
(92, 1, '2024-03-11 09:07:59'),
(93, 1, '2024-03-11 09:08:04'),
(94, 1, '2024-03-11 09:08:09'),
(95, 1, '2024-03-11 09:08:14'),
(96, 1, '2024-03-11 09:08:20'),
(97, 1, '2024-03-11 09:08:25'),
(98, 1, '2024-03-11 09:08:30'),
(99, 1, '2024-03-11 09:08:35'),
(100, 1, '2024-03-11 09:08:40'),
(101, 1, '2024-03-11 09:08:46'),
(102, 1, '2024-03-11 09:18:42'),
(103, 1, '2024-03-11 09:18:49'),
(104, 1, '2024-03-11 09:18:56'),
(105, 1, '2024-03-11 09:19:03'),
(106, 1, '2024-03-11 09:19:11'),
(107, 1, '2024-03-11 09:19:20'),
(108, 1, '2024-03-11 09:19:27'),
(109, 1, '2024-03-11 09:19:34'),
(110, 1, '2024-03-11 09:19:42'),
(111, 1, '2024-03-11 09:19:49'),
(112, 1, '2024-03-11 09:19:54'),
(113, 1, '2024-03-11 09:19:59'),
(114, 1, '2024-03-11 09:20:05'),
(115, 1, '2024-03-11 09:20:10'),
(116, 1, '2024-03-11 09:20:15'),
(117, 1, '2024-03-11 09:20:21'),
(118, 1, '2024-03-11 09:20:26'),
(119, 1, '2024-03-11 09:20:31'),
(120, 1, '2024-03-11 09:20:36'),
(121, 1, '2024-03-11 09:20:41'),
(122, 1, '2024-03-11 20:33:33'),
(123, 1, '2024-03-11 20:33:40'),
(124, 1, '2024-03-11 20:33:48'),
(125, 1, '2024-03-11 20:33:55'),
(126, 1, '2024-03-11 20:34:03'),
(127, 1, '2024-03-11 20:34:10'),
(128, 1, '2024-03-11 20:34:17'),
(129, 1, '2024-03-11 20:34:25'),
(130, 1, '2024-03-11 20:34:32'),
(131, 1, '2024-03-11 20:34:39'),
(132, 1, '2024-03-11 20:34:45'),
(133, 1, '2024-03-11 20:34:50'),
(134, 1, '2024-03-11 20:34:55'),
(135, 1, '2024-03-11 20:35:00'),
(136, 1, '2024-03-11 20:35:06'),
(137, 1, '2024-03-11 20:35:11'),
(138, 1, '2024-03-11 20:35:16'),
(139, 1, '2024-03-11 20:35:22'),
(140, 1, '2024-03-11 20:35:27'),
(141, 1, '2024-03-11 20:35:32'),
(142, 1, '2024-03-12 17:30:37'),
(143, 1, '2024-03-12 17:30:44'),
(144, 1, '2024-03-12 17:30:51'),
(145, 1, '2024-03-12 17:30:59'),
(146, 1, '2024-03-12 17:31:06'),
(147, 1, '2024-03-12 17:31:13'),
(148, 1, '2024-03-12 17:31:21'),
(149, 1, '2024-03-12 17:31:28'),
(150, 1, '2024-03-12 17:31:35'),
(151, 1, '2024-03-12 17:31:41'),
(152, 1, '2024-03-12 17:31:46'),
(153, 1, '2024-03-12 17:31:51'),
(154, 1, '2024-03-12 17:31:56'),
(155, 1, '2024-03-12 17:32:02'),
(156, 1, '2024-03-12 17:32:07'),
(157, 1, '2024-03-12 17:32:12'),
(158, 1, '2024-03-12 17:32:17'),
(159, 1, '2024-03-12 17:32:23'),
(160, 1, '2024-03-12 17:32:28'),
(161, 1, '2024-03-14 15:20:48'),
(162, 1, '2024-03-14 15:20:53'),
(163, 1, '2024-03-14 15:20:59'),
(164, 1, '2024-03-14 15:21:04'),
(165, 1, '2024-03-14 15:21:09'),
(166, 1, '2024-03-14 15:21:14'),
(167, 1, '2024-03-14 15:21:19'),
(168, 1, '2024-03-14 15:21:24'),
(169, 1, '2024-03-14 15:21:29'),
(170, 1, '2024-03-14 15:21:34'),
(171, 1, '2024-03-14 15:21:40'),
(172, 1, '2024-03-14 15:21:45'),
(173, 1, '2024-03-14 15:21:50'),
(174, 1, '2024-03-14 15:21:55'),
(175, 1, '2024-03-14 15:22:00'),
(176, 1, '2024-03-14 15:22:05'),
(177, 1, '2024-03-14 15:22:10'),
(178, 1, '2024-03-14 15:22:15'),
(179, 1, '2024-03-14 15:22:20'),
(180, 1, '2024-03-14 15:22:26'),
(181, 1, '2024-03-14 15:26:15'),
(182, 1, '2024-03-14 15:26:22'),
(183, 1, '2024-03-14 15:26:30'),
(184, 1, '2024-03-14 15:26:37'),
(185, 1, '2024-03-14 15:26:44'),
(186, 1, '2024-03-14 15:26:51'),
(187, 1, '2024-03-14 15:26:59'),
(188, 1, '2024-03-14 15:27:06'),
(189, 1, '2024-03-14 15:27:13'),
(190, 1, '2024-03-14 15:27:21'),
(191, 1, '2024-03-14 15:27:26'),
(192, 1, '2024-03-14 15:27:31'),
(193, 1, '2024-03-14 15:27:36'),
(194, 1, '2024-03-14 15:27:41'),
(195, 1, '2024-03-14 15:27:46'),
(196, 1, '2024-03-14 15:27:51'),
(197, 1, '2024-03-14 15:27:56'),
(198, 1, '2024-03-14 15:28:02'),
(199, 1, '2024-03-14 15:28:07'),
(200, 1, '2024-03-14 15:28:12'),
(201, 1, '2024-03-14 15:32:19'),
(202, 1, '2024-03-14 15:32:26'),
(203, 1, '2024-03-14 15:32:33'),
(204, 1, '2024-03-14 15:32:40'),
(205, 1, '2024-03-14 15:32:48'),
(206, 1, '2024-03-14 15:32:55'),
(207, 1, '2024-03-14 15:33:02'),
(208, 1, '2024-03-14 15:33:10'),
(209, 1, '2024-03-14 15:33:17'),
(210, 1, '2024-03-14 15:33:24'),
(211, 1, '2024-03-14 15:33:29'),
(212, 1, '2024-03-14 15:33:35'),
(213, 1, '2024-03-14 15:33:40'),
(214, 1, '2024-03-14 15:33:45'),
(215, 1, '2024-03-14 15:33:50'),
(216, 1, '2024-03-14 15:33:55'),
(217, 1, '2024-03-14 15:34:01'),
(218, 1, '2024-03-14 15:34:06'),
(219, 1, '2024-03-14 15:34:11'),
(220, 1, '2024-03-14 15:34:16'),
(221, 1, '2024-03-14 19:32:19'),
(222, 1, '2024-03-14 19:32:26'),
(223, 1, '2024-03-14 19:32:34'),
(224, 1, '2024-03-14 19:32:41'),
(225, 1, '2024-03-14 19:32:48'),
(226, 1, '2024-03-14 19:32:56'),
(227, 1, '2024-03-14 19:33:03'),
(228, 1, '2024-03-14 19:33:10'),
(229, 1, '2024-03-14 19:33:17'),
(230, 1, '2024-03-14 19:33:25'),
(231, 1, '2024-03-14 19:33:30'),
(232, 1, '2024-03-14 19:33:35'),
(233, 1, '2024-03-14 19:33:40'),
(234, 1, '2024-03-14 19:33:45'),
(235, 1, '2024-03-14 19:33:51'),
(236, 1, '2024-03-14 19:33:56'),
(237, 1, '2024-03-14 19:34:01'),
(238, 1, '2024-03-14 19:34:06'),
(239, 1, '2024-03-14 19:34:11'),
(240, 1, '2024-03-14 19:34:16'),
(241, 1, '2024-03-15 17:12:35'),
(242, 1, '2024-03-15 17:12:42'),
(243, 1, '2024-03-15 17:12:49'),
(244, 1, '2024-03-15 17:12:57'),
(245, 1, '2024-03-15 17:13:04'),
(246, 1, '2024-03-15 17:13:11'),
(247, 1, '2024-03-15 17:13:19'),
(248, 1, '2024-03-15 17:13:26'),
(249, 1, '2024-03-15 17:13:33'),
(250, 1, '2024-03-15 17:13:40'),
(251, 1, '2024-03-15 17:13:46'),
(252, 1, '2024-03-15 17:13:51'),
(253, 1, '2024-03-15 17:13:56'),
(254, 1, '2024-03-15 17:14:01'),
(255, 1, '2024-03-15 17:14:06'),
(256, 1, '2024-03-15 17:14:11'),
(257, 1, '2024-03-15 17:14:16'),
(258, 1, '2024-03-15 17:14:21'),
(259, 1, '2024-03-15 17:14:27'),
(260, 1, '2024-03-15 17:14:32'),
(261, 3, '2024-03-16 14:51:26'),
(262, 3, '2024-03-16 14:51:28');

-- --------------------------------------------------------

--
-- Struktura tabulky `sessions`
--

CREATE TABLE `sessions` (
  `session_id` varchar(128) CHARACTER SET utf8mb4 COLLATE utf8mb4_bin NOT NULL,
  `expires` int(11) UNSIGNED NOT NULL,
  `data` mediumtext CHARACTER SET utf8mb4 COLLATE utf8mb4_bin DEFAULT NULL
) ENGINE=InnoDB DEFAULT CHARSET=utf8mb4 COLLATE=utf8mb4_unicode_520_ci;

--
-- Indexy pro exportované tabulky
--

--
-- Indexy pro tabulku `post`
--
ALTER TABLE `post`
  ADD PRIMARY KEY (`post_id`),
  ADD KEY `title` (`title`);

--
-- Indexy pro tabulku `post_reply`
--
ALTER TABLE `post_reply`
  ADD PRIMARY KEY (`post_reply_id`),
  ADD KEY `post_id` (`post_id`);

--
-- Indexy pro tabulku `post_view`
--
ALTER TABLE `post_view`
  ADD PRIMARY KEY (`post_view_id`),
  ADD KEY `post_id` (`post_id`);

--
-- Indexy pro tabulku `sessions`
--
ALTER TABLE `sessions`
  ADD PRIMARY KEY (`session_id`);

--
-- AUTO_INCREMENT pro tabulky
--

--
-- AUTO_INCREMENT pro tabulku `post`
--
ALTER TABLE `post`
  MODIFY `post_id` int(11) NOT NULL AUTO_INCREMENT, AUTO_INCREMENT=4;

--
-- AUTO_INCREMENT pro tabulku `post_reply`
--
ALTER TABLE `post_reply`
  MODIFY `post_reply_id` int(11) NOT NULL AUTO_INCREMENT, AUTO_INCREMENT=10;

--
-- AUTO_INCREMENT pro tabulku `post_view`
--
ALTER TABLE `post_view`
  MODIFY `post_view_id` int(11) NOT NULL AUTO_INCREMENT, AUTO_INCREMENT=263;
COMMIT;

/*!40101 SET CHARACTER_SET_CLIENT=@OLD_CHARACTER_SET_CLIENT */;
/*!40101 SET CHARACTER_SET_RESULTS=@OLD_CHARACTER_SET_RESULTS */;
/*!40101 SET COLLATION_CONNECTION=@OLD_COLLATION_CONNECTION */;
